type,severity,identity,salt_pepper,blur,occlusion
clean,none,0.940896535656268,0.0018300892688351297,0.02954444569949485,0.0277289294773034
salt_pepper,low,0.01976897829909915,0.9646663646601825,0.00888317553287976,0.006681481300456956
salt_pepper,medium,0.010978477180046194,0.9806343844359953,0.00522460335555763,0.003162535203269832
salt_pepper,high,0.012957214105010752,0.976878436117284,0.006379193282968185,0.0037851559086387373
blur,low,0.07726415358615786,0.0019894720275174856,0.9127417309273164,0.008004643373180189
blur,medium,0.06544677858969664,0.0017186208414515436,0.9258130273984023,0.007021571364155779
blur,high,0.06890750416161319,0.0018835531577776835,0.9216548818988285,0.007554061295813405
occlusion,low,0.22697240524200846,0.011554540163744978,0.010210571339678733,0.751262483540105
occlusion,medium,0.007405238166029449,0.005611612441692284,0.0006544098055425512,0.9863287401673708
occlusion,high,0.00012594693639586695,0.002218846935235902,4.5664601403484855e-05,0.9976095432122678
