type,severity,in_psnr,psnr,in_ssim,ssim,l1
clean,none,50.0,50.0,1.0,1.0,0.0
salt_pepper,low,20.13315939883765,26.851309354963533,0.6022449409597802,0.8557791969989944,0.03383302315891918
salt_pepper,medium,15.874888310675466,26.75082350024153,0.3396334178841189,0.8517812118279443,0.03425041627104331
salt_pepper,high,13.14190539185635,26.51490190640624,0.20419215650162406,0.8415849704806114,0.03514967493318949
blur,low,32.33594595440469,26.800880034959555,0.9435791364967677,0.8565436516674964,0.03435504144962809
blur,medium,26.773522185967384,26.778243400706813,0.8057013607034894,0.8464310958425106,0.034450216331278295
blur,high,24.35321427639254,24.7258429544178,0.6916248987548909,0.7424199199540051,0.042166752525488245
occlusion,low,16.702718465196302,23.874004349457728,0.8619047041548861,0.795161555097031,0.04218110955391626
occlusion,medium,13.268063319869833,22.181687701265048,0.7259649046437556,0.7458241437981907,0.04912124300803548
occlusion,high,10.749413489125736,20.316947451466987,0.5356433365659513,0.6713679588581828,0.060355057205794684
